﻿<?xml version="1.0" encoding="UTF-8"?>
<addon
  id="plugin.video.palcotv"
  version="0.2.6"
  name="palcoTV"
  provider-name="Juarrox">
  <requires>
   <import addon="xbmc.python" version="2.1.0"/>
   <import addon="script.common.plugin.cache" version="0.9.1"/>
  </requires>
  <extension 
    point="xbmc.python.pluginsource"
    library="default.py">
   <provides>video</provides>
  </extension>
  <extension point="xbmc.addon.metadata">
    <summary>Biblioteca de listas M3U y XML de canales de televisión</summary>
    <description>Biblioteca de listas M3U y XML de canales de televisión. Más información en [COLOR royalblue][B]http://palcotv.blogspot.com.es[/B][/COLOR]</description>
    <platform>all</platform>
  </extension>
</addon>