<?xml version="1.0" encoding="UTF-8"?>
<addon
	id="plugin.video.palcotv" version="0.2.7" name="palcoTV" provider-name="juarrox [juarrox@gmail.com]">
	<requires>
		<import addon="xbmc.python" version="2.1.0"/>
        <import addon="plugin.video.youtube" version="3.0.0"/>
	</requires>
	<extension point="xbmc.python.pluginsource" library="default.py">
		<provides>video</provides>
	</extension>
	<extension point="xbmc.addon.metadata">
                <platform>all</platform>
		<summary lang="en">palcoTV</summary>
		<summary lang="da">palcoTV</summary>
		<description lang="en">Biblioteca de listas XML, M3U y PLX de canales de TV de usuarios de la comunidad XBMC. Más información en [COLOR lightyellow]http://palcotv.blogspot.com.es/COLOR]. [B]Agradecimientos:[/B]
Ricard Planell, Fito Kam, Largo Barbate, Barroso, White Noise, Dani Cajilla, Reggen, Gurb, Juan Gatica, PiKoMuLe, ... (no me acuerdo de todos!) y demás miembros de la comunidad XBMC Spotbros, a Jesús de pelisalacarta por introducirme en la programación de addons para XBMC, y a todos los que se han puesto en contacto conmigo interesándose por mi trabajo. Que lo disfrutes! ;)</description>
		<website>http://palcotv.blogspot.com.es</website>
		<license>GPL 2.0</license>
		<platform>all</platform>        
		<language>en</language>
	</extension>
</addon>
