﻿<?xml version="1.0" encoding="UTF-8" standalone="yes"?>
<addon id="repository.palcotv" name="palcoTV addon repository" version="1.0" provider-name="Juarrox">
	<extension point="xbmc.addon.palcotv-repository" name="palcoTV Repository">
		<info compressed="false">http://github.com/juarrox/palcotv-repository/raw/master/addons.xml</info>
		<checksum>http://github.com/juarrox/palcotv-repository/raw/master/addons.xml.md5</checksum>
		<datadir zip="true">http://github.com/juarrox/palcotv-repository/raw/master/zips</datadir>
	</extension>
	<extension point="xbmc.addon.metadata">
		<summary>Instalación del addon palcoTV para XBMC</summary>
		<description>Descarga e instala palcoTV para tu plataforma - juarrox@gmail.com</description>
		<platform>all</platform>
	</extension>
</addon>

